Temperature,SNR (dB)
0.001,5.903881384090482
0.1,-0.3461462555649524
1.0,4.550768761225843
