alpha_estimated,alpha_95_CI,C_estimated
0.046750921685020826,145028032.1451808,12.24497247341161
