L,T_sym,CI_low,CI_high
100,0.101809,0.101724,0.101809
128,0.096655,0.096646,0.096660
160,0.094000,0.0930,0.0950